{"minzoom":0,"maxzoom":8,"center":[-2.109375,13.238984,8.0],"bounds":[-5.448396,9.426299,2.407964,15.08983]}