{"minzoom":0,"maxzoom":9,"center":[-1.757812,12.897255,9.0],"bounds":[-5.448396,9.426299,2.407964,15.08983]}